selection_rule,cutoff,rss,sign_ok,N_model,N_countries,share_low,share_high,b_low,se_low,t_low,p_low,p_low_positive,b_high,se_high,t_high,p_high,p_high_negative,r2
rss_min_cutoff,.1749836235916203,1.7940736,1,970,60,.89999998,.1,.1889293,.4419865,.42745495,.66915268,.33457634,-.18874285,.57808876,-.32649457,.74412793,.37206396,.45798668
sign_consistent_cutoff,.1749836235916203,1.7940736,1,970,60,.89999998,.1,.1889293,.4419865,.42745495,.66915268,.33457634,-.18874285,.57808876,-.32649457,.74412793,.37206396,.45798668
