selection_rule,cutoff,rss,sign_ok,N_model,N_countries,share_low,share_high,b_low,se_low,t_low,p_low,p_low_positive,b_high,se_high,t_high,p_high,p_high_negative,r2
rss_min_cutoff,.1030368341448663,1.9117725,1,1060,60,.81037736,.18962264,.72563851,.22744925,3.1903315,.0022770937,.0011385469,-.22545087,.069651067,-3.2368617,.0019842978,.00099214888,.44665051
sign_consistent_cutoff,.1030368341448663,1.9117725,1,1060,60,.81037736,.18962264,.72563851,.22744925,3.1903315,.0022770937,.0011385469,-.22545087,.069651067,-3.2368617,.0019842978,.00099214888,.44665051
