group,split,cutoff_low,cutoff_high,b_G,se_G,t_G,p_G,N_model,N_countries,r2
0-20%,mG20,,-.019258972,.037497018,.16795461,.22325686,.8236258,212,25,.57648098
20-40%,mG20,-.0192589722071339,.038359597,.045493167,.076060191,.59812063,.55067366,212,34,.61012918
40-60%,mG20,.0383595985218169,.079743296,-.16123563,.088550739,-1.8208276,.070768431,212,41,.41315335
60-80%,mG20,.0797432938998121,.12648447,-.31555676,.10085631,-3.1287756,.0021251205,212,38,.69660288
80-100%,mG20,.1264844742732277,,-.43425554,.30444309,-1.4263932,.15576598,212,27,.58847249
