selection_rule,cutoff,rss,sign_ok,N_model,N_countries,share_low,share_high,b_low,se_low,t_low,p_low,p_low_positive,b_high,se_high,t_high,p_high,p_high_negative,r2
rss_min_cutoff,.1030368341448663,1.9117725,1,1060,60,.81037736,.18962264,.72563851,.19789192,3.6668422,.00025893041,.0001294652,-.22545087,.078013159,-2.8899083,.0039395764,.0019697882,.44665051
sign_consistent_cutoff,.1030368341448663,1.9117725,1,1060,60,.81037736,.18962264,.72563851,.19789192,3.6668422,.00025893041,.0001294652,-.22545087,.078013159,-2.8899083,.0039395764,.0019697882,.44665051
