selection_rule,cutoff,rss,sign_ok,N_model,N_countries,share_low,share_high,b_low,se_low,t_low,p_low,p_low_positive,b_high,se_high,t_high,p_high,p_high_negative,r2
rss_min_cutoff,.1003036765842769,1.9119363,1,1060,60,.80000001,.2,.7335149,.2007235,3.6543548,.0002716812,.0001358406,-.22717774,.077908412,-2.9159591,.0036277804,.0018138902,.44660309
sign_consistent_cutoff,.1003036765842769,1.9119363,1,1060,60,.80000001,.2,.7335149,.2007235,3.6543548,.0002716812,.0001358406,-.22717774,.077908412,-2.9159591,.0036277804,.0018138902,.44660309
