theta_quantile,theta_point,marginal_effect,standard_error,t_stat,p_value
p10,-.0227554245416531,.095684402,.030247785,3.1633523,.0016083405
p25,-.0035084268143534,.027167452,.0085881846,3.1633523,.0016083405
p50,.01935791671065,-.0017228888,.0074101286,-.23250458,.81619537
p75,.0719141070189072,-.0076664281,.032973234,-.23250458,.81619537
p90,.1465406566170752,-.016105887,.069271266,-.23250458,.81619537
