group,split,cutoff_low,cutoff_high,b_G,se_G,t_G,p_G,N_model,N_countries,r2
0-20%,mG20,,-.020304546,.32544273,.14501977,2.2441266,.026222317,212,25,.60318679
20-40%,mG20,-.0203045464594084,.022418527,.097205974,.13278137,.73207533,.46529612,212,36,.56768906
40-60%,mG20,.0224185265576946,.069543049,-.04077851,.095810473,-.42561641,.67101413,212,36,.51778805
60-80%,mG20,.0695430468671356,.12899436,-.13393258,.099188179,-1.3502878,.17898495,212,34,.60638946
80-100%,mG20,.1289943632774841,,-.51200247,.15642352,-3.273181,.0013079934,212,24,.4933199
